High.All	All Time High
Low.All	All Time Low
Perf.All	All Time Performance
Aroon.Down	Aroon Down (14)
Aroon.Up	Aroon Up (14)
ADR	Average Day Range (14)
ADX	Average Directional Index (14)
ATR	Average True Range (14)
average_volume_10d_calc	Average Volume (10 day)
average_volume_30d_calc	Average Volume (30 day)
average_volume_60d_calc	Average Volume (60 day)
average_volume_90d_calc	Average Volume (90 day)
AO	Awesome Oscillator
basic_eps_net_income	Basic EPS (FY)
earnings_per_share_basic_ttm	Basic EPS (TTM)
BB.lower	Bollinger Lower Band (20)
BB.upper	Bollinger Upper Band (20)
BBPower	Bull Bear Power
Candle.3BlackCrows	Candle.3BlackCrows
Candle.3WhiteSoldiers	Candle.3WhiteSoldiers
Candle.AbandonedBaby.Bearish	Candle.AbandonedBaby.Bearish
Candle.AbandonedBaby.Bullish	Candle.AbandonedBaby.Bullish
Candle.Doji	Candle.Doji
Candle.Doji.Dragonfly	Candle.Doji.Dragonfly
Candle.Doji.Gravestone	Candle.Doji.Gravestone
Candle.Engulfing.Bearish	Candle.Engulfing.Bearish
Candle.Engulfing.Bullish	Candle.Engulfing.Bullish
Candle.EveningStar	Candle.EveningStar
Candle.Hammer	Candle.Hammer
Candle.HangingMan	Candle.HangingMan
Candle.Harami.Bearish	Candle.Harami.Bearish
Candle.Harami.Bullish	Candle.Harami.Bullish
Candle.InvertedHammer	Candle.InvertedHammer
Candle.Kicking.Bearish	Candle.Kicking.Bearish
Candle.Kicking.Bullish	Candle.Kicking.Bullish
Candle.LongShadow.Lower	Candle.LongShadow.Lower
Candle.LongShadow.Upper	Candle.LongShadow.Upper
Candle.Marubozu.Black	Candle.Marubozu.Black
Candle.Marubozu.White	Candle.Marubozu.White
Candle.MorningStar	Candle.MorningStar
Candle.ShootingStar	Candle.ShootingStar
Candle.SpinningTop.Black	Candle.SpinningTop.Black
Candle.SpinningTop.White	Candle.SpinningTop.White
Candle.TriStar.Bearish	Candle.TriStar.Bearish
Candle.TriStar.Bullish	Candle.TriStar.Bullish
cash_n_equivalents_fy	Cash & Equivalents (FY)
cash_n_equivalents_fq	Cash & Equivalents (MRQ)
cash_n_short_term_invest_fy	Cash and short term investments (FY)
cash_n_short_term_invest_fq	Cash and short term investments (MRQ)
ChaikinMoneyFlow	Chaikin Money Flow (20)
change_abs	Change
change_abs.15	Change 15m
change.15	Change 15m, %
change_abs.60	Change 1h
change.60	Change 1h, %
change_abs.1	Change 1m
change_abs.1M	Change 1M
change.1	Change 1m, %
change.1M	Change 1M, %
change_abs.1W	Change 1W
change.1W	Change 1W, %
change_abs.240	Change 4h
change.240	Change 4h, %
change_abs.5	Change 5m
change.5	Change 5m, %
change_from_open_abs	Change from Open
change_from_open	Change from Open %
change	Change %
CCI20	Commodity Channel Index (20)
country	Country
currency	Currency
current_ratio	Current Ratio (MRQ)
debt_to_equity	Debt to Equity Ratio (MRQ)
description	Description
dividends_paid	Dividends Paid (FY)
dps_common_stock_prim_issue_yoy_growth_fy	Dividends per share (Annual YoY Growth)
dps_common_stock_prim_issue_fy	Dividends per Share (FY)
dividends_per_share_fq	Dividends per Share (MRQ)
dividend_yield_recent	Dividend Yield Forward
DonchCh20.Lower	Donchian Channels Lower Band (20)
DonchCh20.Upper	Donchian Channels Upper Band (20)
ebitda_yoy_growth_fy	EBITDA (Annual YoY Growth)
ebitda_qoq_growth_fq	EBITDA (Quarterly QoQ Growth)
ebitda_yoy_growth_fq	EBITDA (Quarterly YoY Growth)
ebitda	EBITDA (TTM)
ebitda_yoy_growth_ttm	EBITDA (TTM YoY Growth)
enterprise_value_ebitda_ttm	Enterprise Value/EBITDA (TTM)
enterprise_value_fq	Enterprise Value (MRQ)
earnings_per_share_diluted_yoy_growth_fy	EPS Diluted (Annual YoY Growth)
last_annual_eps	EPS Diluted (FY)
earnings_per_share_fq	EPS Diluted (MRQ)
earnings_per_share_diluted_qoq_growth_fq	EPS Diluted (Quarterly QoQ Growth)
earnings_per_share_diluted_yoy_growth_fq	EPS Diluted (Quarterly YoY Growth)
earnings_per_share_diluted_ttm	EPS Diluted (TTM)
earnings_per_share_diluted_yoy_growth_ttm	EPS Diluted (TTM YoY Growth)
earnings_per_share_forecast_next_fq	EPS Forecast (MRQ)
exchange	Exchange
EMA10	Exponential Moving Average (10)
EMA100	Exponential Moving Average (100)
EMA20	Exponential Moving Average (20)
EMA200	Exponential Moving Average (200)
EMA30	Exponential Moving Average (30)
EMA5	Exponential Moving Average (5)
EMA50	Exponential Moving Average (50)
free_cash_flow_yoy_growth_fy	Free Cash Flow (Annual YoY Growth)
free_cash_flow_margin_fy	Free Cash Flow Margin (FY)
free_cash_flow_margin_ttm	Free Cash Flow Margin (TTM)
free_cash_flow_qoq_growth_fq	Free Cash Flow (Quarterly QoQ Growth)
free_cash_flow_yoy_growth_fq	Free Cash Flow (Quarterly YoY Growth)
free_cash_flow_yoy_growth_ttm	Free Cash Flow (TTM YoY Growth)
fundamental_currency_code	Fundamental Currency Code
gap	Gap %
goodwill	Goodwill
gross_profit_margin_fy	Gross Margin (FY)
gross_margin	Gross Margin (TTM)
gross_profit_yoy_growth_fy	Gross Profit (Annual YoY Growth)
gross_profit	Gross Profit (FY)
gross_profit_fq	Gross Profit (MRQ)
gross_profit_qoq_growth_fq	Gross Profit (Quarterly QoQ Growth)
gross_profit_yoy_growth_fq	Gross Profit (Quarterly YoY Growth)
gross_profit_yoy_growth_ttm	Gross Profit (TTM YoY Growth)
high	High
HullMA9	Hull Moving Average (9)
Ichimoku.BLine	Ichimoku Base Line (9, 26, 52, 26)
Ichimoku.CLine	Ichimoku Conversion Line (9, 26, 52, 26)
Ichimoku.Lead1	Ichimoku Leading Span A (9, 26, 52, 26)
Ichimoku.Lead2	Ichimoku Leading Span B (9, 26, 52, 26)
industry	Industry
KltChnl.lower	Keltner Channels Lower Band (20)
KltChnl.upper	Keltner Channels Upper Band (20)
last_annual_revenue	Last Year Revenue (FY)
logoid	Logoid
low	Low
MACD.macd	MACD Level (12, 26)
MACD.signal	MACD Signal (12, 26)
market_cap_basic	Market Capitalization
Mom	Momentum (10)
MoneyFlow	Money Flow (14)
Perf.1M	Monthly Performance
High.1M	1-Month High
High.3M	3-Month High
High.6M	6-Month High
Low.1M	1-Month Low
Low.3M	3-Month Low
Low.6M	6-Month Low
Perf.3M	3-Month Performance
Perf.6M	6-Month Performance
Recommend.MA	Moving Averages Rating
name	Name
ADX-DI	Negative Directional Indicator (14)
net_debt	Net Debt (MRQ)
net_income_yoy_growth_fy	Net Income (Annual YoY Growth)
net_income	Net Income (FY)
net_income_qoq_growth_fq	Net Income (Quarterly QoQ Growth)
net_income_yoy_growth_fq	Net Income (Quarterly YoY Growth)
net_income_yoy_growth_ttm	Net Income (TTM YoY Growth)
net_income_bef_disc_oper_margin_fy	Net Margin (FY)
after_tax_margin	Net Margin (TTM)
number_of_employees	Number of Employees
number_of_shareholders	Number of Shareholders
open	Open
oper_income_margin_fy	Operating Margin (FY)
operating_margin	Operating Margin (TTM)
Recommend.Other	Oscillators Rating
P.SAR	Parabolic SAR
candlestick	Pattern
Pivot.M.Camarilla.Middle	Pivot Camarilla P
Pivot.M.Camarilla.R1	Pivot Camarilla R1
Pivot.M.Camarilla.R2	Pivot Camarilla R2
Pivot.M.Camarilla.R3	Pivot Camarilla R3
Pivot.M.Camarilla.S1	Pivot Camarilla S1
Pivot.M.Camarilla.S2	Pivot Camarilla S2
Pivot.M.Camarilla.S3	Pivot Camarilla S3
Pivot.M.Classic.Middle	Pivot Classic P
Pivot.M.Classic.R1	Pivot Classic R1
Pivot.M.Classic.R2	Pivot Classic R2
Pivot.M.Classic.R3	Pivot Classic R3
Pivot.M.Classic.S1	Pivot Classic S1
Pivot.M.Classic.S2	Pivot Classic S2
Pivot.M.Classic.S3	Pivot Classic S3
Pivot.M.Demark.Middle	Pivot DM P
Pivot.M.Demark.R1	Pivot DM R1
Pivot.M.Demark.S1	Pivot DM S1
Pivot.M.Fibonacci.Middle	Pivot Fibonacci P
Pivot.M.Fibonacci.R1	Pivot Fibonacci R1
Pivot.M.Fibonacci.R2	Pivot Fibonacci R2
Pivot.M.Fibonacci.R3	Pivot Fibonacci R3
Pivot.M.Fibonacci.S1	Pivot Fibonacci S1
Pivot.M.Fibonacci.S2	Pivot Fibonacci S2
Pivot.M.Fibonacci.S3	Pivot Fibonacci S3
Pivot.M.Woodie.Middle	Pivot Woodie P
Pivot.M.Woodie.R1	Pivot Woodie R1
Pivot.M.Woodie.R2	Pivot Woodie R2
Pivot.M.Woodie.R3	Pivot Woodie R3
Pivot.M.Woodie.S1	Pivot Woodie S1
Pivot.M.Woodie.S2	Pivot Woodie S2
Pivot.M.Woodie.S3	Pivot Woodie S3
ADX+DI	Positive Directional Indicator (14)
postmarket_change_abs	Post-market Change
postmarket_change	Post-market Change %
postmarket_close	Post-market Close
postmarket_high	Post-market High
postmarket_low	Post-market Low
postmarket_open	Post-market Open
postmarket_volume	Post-market Volume
premarket_change_abs	Pre-market Change
premarket_change_from_open_abs	Pre-market Change from Open
premarket_change_from_open	Pre-market Change from Open %
premarket_change	Pre-market Change %
premarket_close	Pre-market Close
premarket_gap	Pre-market Gap %
premarket_high	Pre-market High
premarket_low	Pre-market Low
premarket_open	Pre-market Open
premarket_volume	Pre-market Volume
pre_tax_margin	Pretax Margin (TTM)
close	Price
price_book_ratio	Price to Book (FY)
price_book_fq	Price to Book (MRQ)
price_earnings_ttm	Price to Earnings Ratio (TTM)
price_free_cash_flow_ttm	Price to Free Cash Flow (TTM)
price_revenue_ttm	Price to Revenue Ratio (TTM)
price_sales_ratio	Price to Sales (FY)
quick_ratio	Quick Ratio (MRQ)
ROC	Rate Of Change (9)
earnings_release_date	Recent Earnings Date
RSI	Relative Strength Index (14)
RSI7	Relative Strength Index (7)
relative_volume_10d_calc	Relative Volume
relative_volume_intraday.5	Relative Volume at Time
research_and_dev_ratio_fy	Research & development Ratio (FY)
research_and_dev_ratio_ttm	Research & development Ratio (TTM)
return_on_assets	Return on Assets (TTM)
return_on_equity	Return on Equity (TTM)
return_on_invested_capital	Return on Invested Capital (TTM)
total_revenue_yoy_growth_fy	Revenue (Annual YoY Growth)
revenue_per_employee	Revenue per Employee (FY)
total_revenue_qoq_growth_fq	Revenue (Quarterly QoQ Growth)
total_revenue_yoy_growth_fq	Revenue (Quarterly YoY Growth)
total_revenue_yoy_growth_ttm	Revenue (TTM YoY Growth)
sector	Sector
sell_gen_admin_exp_other_ratio_fy	Selling General & Admin expenses Ratio (FY)
sell_gen_admin_exp_other_ratio_ttm	Selling General & Admin expenses Ratio (TTM)
float_shares_outstanding	Shares Float
SMA10	Simple Moving Average (10)
SMA100	Simple Moving Average (100)
SMA20	Simple Moving Average (20)
SMA200	Simple Moving Average (200)
SMA30	Simple Moving Average (30)
SMA5	Simple Moving Average (5)
SMA50	Simple Moving Average (50)
Stoch.D	Stochastic %D (14, 3, 3)
Stoch.K	Stochastic %K (14, 3, 3)
Stoch.RSI.K	Stochastic RSI Fast (3, 3, 14, 14)
Stoch.RSI.D	Stochastic RSI Slow (3, 3, 14, 14)
submarket	Submarket
subtype	Subtype
Recommend.All	Technical Rating
total_assets_yoy_growth_fy	Total Assets (Annual YoY Growth)
total_assets	Total Assets (MRQ)
total_assets_qoq_growth_fq	Total Assets (Quarterly QoQ Growth)
total_assets_yoy_growth_fq	Total Assets (Quarterly YoY Growth)
total_current_assets	Total Current Assets (MRQ)
total_debt_yoy_growth_fy	Total Debt (Annual YoY Growth)
total_debt	Total Debt (MRQ)
total_debt_qoq_growth_fq	Total Debt (Quarterly QoQ Growth)
total_debt_yoy_growth_fq	Total Debt (Quarterly YoY Growth)
total_liabilities_fy	Total Liabilities (FY)
total_liabilities_fq	Total Liabilities (MRQ)
total_revenue	Total Revenue (FY)
total_shares_outstanding_fundamental	Total Shares Outstanding
type	Type
UO	Ultimate Oscillator (7, 14, 28)
earnings_release_next_date	Upcoming Earnings Date
Volatility.D	Volatility
Volatility.M	Volatility Month
Volatility.W	Volatility Week
volume	Volume
Value.Traded	Volume*Price
VWAP	Volume Weighted Average Price
VWMA	Volume Weighted Moving Average (20)
Perf.W	Weekly Performance
price_52_week_high	52 Week High
price_52_week_low	52 Week Low
W.R	Williams Percent Range (14)
Perf.Y	Yearly Performance
beta_1_year	1-Year Beta
Perf.YTD	YTD Performance
Perf.5Y	5Y Performance
continuous_dividend_growth	Continuous Dividend Growth
continuous_dividend_payout	Continuous Dividend Payout
dividend_payout_ratio_ttm	Dividend Payout Ratio (TTM)
dividends_yield	Dividend Yield %
dividends_yield_current	Dividend Yield % (Current)
total_cash_dividends_paid_ttm	Total Cash Dividends Paid (TTM)
cash_dividend_coverage_ratio_ttm	Cash Dividend Coverage Ratio (TTM)
cash_dividend_coverage_ratio_fy	Cash Dividend Coverage Ratio (FY)
capital_expenditures_ttm	Capital Expenditures (TTM)
capital_expenditures_fy	Capital Expenditures (FY)
capital_expenditures_fq	Capital Expenditures (MRQ)
capital_expenditures_yoy_growth_fy	Capital Expenditures Growth % (YoY)
cash_f_financing_activities_ttm	Cash from Financing Activities (TTM)
cash_f_financing_activities_fy	Cash from Financing Activities (FY)
cash_f_investing_activities_ttm	Cash from Investing Activities (TTM)
cash_f_investing_activities_fy	Cash from Investing Activities (FY)
cash_f_operating_activities_ttm	Cash from Operating Activities (TTM)
cash_f_operating_activities_fy	Cash from Operating Activities (FY)
free_cash_flow	Free Cash Flow
free_cash_flow_ttm	Free Cash Flow (TTM)
free_cash_flow_fy	Free Cash Flow (FY)
long_term_debt_fq	Long Term Debt (MRQ)
long_term_debt_fy	Long Term Debt (FY)
short_term_debt_fq	Short Term Debt (MRQ)
short_term_debt_fy	Short Term Debt (FY)
total_equity_fq	Total Equity (MRQ)
total_equity_fy	Total Equity (FY)
total_current_liabilities_fq	Total Current Liabilities (MRQ)
goodwill_fq	Goodwill (MRQ)
goodwill_fy	Goodwill (FY)
oper_income_ttm	Operating Income (TTM)
oper_income_fy	Operating Income (FY)
research_and_dev_fy	Research & Development (FY)
research_and_dev_fq	Research & Development (MRQ)
revenue_forecast_fq	Revenue Estimate (MRQ)
earnings_yield	Earnings Yield %
price_target_average	Target Price (Average)
enterprise_value_to_ebit_ttm	EV to EBIT (TTM)
enterprise_value_to_revenue_ttm	EV to Revenue (TTM)
enterprise_value_to_gross_profit_ttm	EV to Gross Profit (TTM)
non_gaap_price_to_earnings_per_share_forecast_next_fy	Forward P/E (Non-GAAP)
price_earnings_growth_ttm	PEG Ratio (TTM)
price_to_cash_f_operating_activities_ttm	Price to Cash Flow (TTM)
price_to_cash_ratio	Price to Cash Ratio
price_to_working_capital_fq	Price to Net Working Capital
gross_margin_ttm	Gross Margin % (TTM)
net_margin_ttm	Net Margin % (TTM)
operating_margin_ttm	Operating Margin % (TTM)
ebitda_margin_ttm	EBITDA Margin % (TTM)
ebitda_margin_fy	EBITDA Margin % (FY)
quick_ratio_fq	Quick Ratio (MRQ)
current_ratio_fq	Current Ratio (MRQ)
return_on_assets_fq	Return on Assets % (MRQ)
return_on_equity_fq	Return on Equity % (MRQ)
return_on_invested_capital_fq	Return on Invested Capital % (MRQ)
return_on_common_equity_ttm	Return on Common Equity % (TTM)
return_on_capital_employed_fq	Return on Capital Employed % (MRQ)
return_on_total_capital_fq	Return on Total Capital % (MRQ)
return_on_tang_assets_fq	Return on Tangible Assets % (MRQ)
return_on_tang_assets_fy	Return on Tangible Assets % (FY)
return_on_tang_equity_fq	Return on Tangible Equity % (MRQ)
return_on_tang_equity_fy	Return on Tangible Equity % (FY)
net_debt_to_ebitda_fq	Net Debt to EBITDA (MRQ)
debt_to_revenue_ttm	Debt to Revenue (TTM)
debt_to_asset_fq	Debt to Assets (MRQ)
debt_to_asset_fy	Debt to Assets (FY)
shrhldrs_equity_to_total_assets_fq	Equity to Assets (MRQ)
shrhldrs_equity_to_total_assets_fy	Equity to Assets (FY)
cash_n_short_term_invest_to_total_debt_fq	Cash to Debt Ratio (MRQ)
cash_n_short_term_invest_to_total_debt_fy	Cash to Debt Ratio (FY)
cash_n_short_term_invest_to_total_current_liabilities_fy	Cash Ratio (FY)
total_debt_to_capital_fq	Total Debt to Capital (MRQ)
total_debt_to_capital_fy	Total Debt to Capital (FY)
interst_cover_ttm	Interest Coverage (TTM)
interst_cover_fy	Interest Coverage (FY)
ebitda_interst_cover_ttm	EBITDA Interest Coverage (TTM)
ebitda_interst_cover_fy	EBITDA Interest Coverage (FY)
ebitda_less_capex_interst_cover_ttm	EBITDA Less CapEx Interest Coverage (TTM)
ebitda_less_capex_interst_cover_fy	EBITDA Less CapEx Interest Coverage (FY)
invent_turnover_current	Inventory Turnover (Current)
invent_turnover_fy	Inventory Turnover (FY)
asset_turnover_fy	Asset Turnover (FY)
receivables_turnover_fy	Receivables Turnover (FY)
fixed_assets_turnover_fy	Fixed Assets Turnover (FY)
buyback_yield	Buyback Yield %
share_buyback_ratio_fq	Share Buyback Ratio % (MRQ)
share_buyback_ratio_fy	Share Buyback Ratio % (FY)
sustainable_growth_rate_ttm	Sustainable Growth Rate (TTM)
effective_interest_rate_on_debt_ttm	Effective Interest Rate on Debt (TTM)
effective_interest_rate_on_debt_fy	Effective Interest Rate on Debt (FY)
altman_z_score_ttm	Altman Z-Score (TTM)
piotroski_f_score_ttm	Piotroski F-Score (TTM)
sloan_ratio_ttm	Sloan Ratio % (TTM)
zmijewski_score_ttm	Zmijewski Score (TTM)
graham_numbers_fy	Graham's Number (FY)
graham_numbers_ttm	Graham's Number (TTM)
tobin_q_ratio_fy	Tobin's Q Ratio (FY)
tobin_q_ratio_fq	Tobin's Q Ratio (MRQ)
ncavps_ratio_fq	NCAV per Share (MRQ)
ncavps_ratio_fy	NCAV per Share (FY)
book_value_per_share_fq	Book Value per Share (MRQ)
free_cash_flow_per_share_ttm	Free Cash Flow per Share (TTM)
revenue_per_share_ttm	Revenue per Share (TTM)
revenue_per_share_fy	Revenue per Share (FY)
ebitda_per_share_ttm	EBITDA per Share (TTM)
cash_per_share_fq	Cash per Share (MRQ)
operating_cash_flow_per_share_ttm	Operating Cash Flow per Share (TTM)
ebit_per_share_ttm	EBIT per Share (TTM)
working_capital_per_share_fq	Working Capital per Share (MRQ)
total_debt_per_share_fq	Total Debt per Share (MRQ)
capex_per_share_ttm	CapEx per Share (TTM)
book_tangible_per_share_fq	Tangible Book Value per Share (MRQ)
net_income_per_employee_fy	Net Income per Employee (FY)
ebitda_per_employee_fy	EBITDA per Employee (FY)
total_assets_per_employee_fy	Total Assets per Employee (FY)
total_debt_per_employee_fy	Total Debt per Employee (FY)
free_cash_flow_per_employee_fy	Free Cash Flow per Employee (FY)
recommendation_mark	Analyst Rating
isin	ISIN
cusip	CUSIP
indexes	Index Membership
fiscal_period_fy	Fiscal Period (FY)
fiscal_period_end_fy	Fiscal Period End (FY)
fiscal_period_end_fq	Fiscal Period End (MRQ)
float_shares_percent_current	Free Float %
total_shares_outstanding	Total Shares Outstanding (Raw)
market	Market
Perf.1W.MarketCap	Market Cap Performance 1W %
Perf.1M.MarketCap	Market Cap Performance 1M %
Perf.3M.MarketCap	Market Cap Performance 3M %
Perf.6M.MarketCap	Market Cap Performance 6M %
Perf.Y.MarketCap	Market Cap Performance 1Y %
Perf.YTD.MarketCap	Market Cap Performance YTD %
ATRP	Average True Range % (14)
expected_annual_dividends	Expected Annual Dividends
earnings_per_share_forecast_fq	Earnings per Share Forecast FQ
operating_cash_flow_per_share_fy	Operating Cash Flow per Share FY
zmijewski_score_fy	Zmijewski Score FY
ipo_offered_shares_primary	IPO Offered Shares Primary
earnings_per_share_diluted_fq	Earnings per Share Diluted FQ
ipo_offer_price_usd	IPO Offer Price Usd
current_session	Current Session
book_value_per_share_fh	Book Value per Share Fh
operating_cash_flow_per_share_fh	Operating Cash Flow per Share Fh
earnings_per_share_forecast_next_fh	Earnings per Share Forecast Next Fh
net_income_fy	Net Income FY
net_margin_fy	Net Margin FY
earnings_release_next_trading_date_fy	Earnings Release Next Trading Date FY
strategy	Strategy
category	Category
next_dividend_date	Next Dividend Date
cash_f_investing_activities_fq	Cash f Investing Activities FQ
frequency_recent	Frequency Recent
recommendation_sell	Recommendation Sell
etf_fund_currency	Etf Fund Currency
debt_to_assets	Debt to Assets
ex_dividend_date_upcoming	Ex Dividend Date Upcoming
weight_top_10	Weight Top 10
capital_expenditures_unchanged_ttm_h	Capital Expenditures Unchanged TTM H
float_shares_outstanding_current	Float Shares Outstanding Current
long_term_capital	Long Term Capital
earnings_per_share_diluted_fy	Earnings per Share Diluted FY
rtc	Rtc
inverse_flag	Inverse Flag
sum_for_enterprise_value	Sum For Enterprise Value
recommendation_over	Recommendation Over
minmove2	Minmove2
earnings_release_trading_date_fq	Earnings Release Trading Date FQ
brand	Brand
total_assets_to_equity_fq	Total Assets to Equity FQ
all_time_open	All Time Open
dps_common_stock_prim_issue_fy_h	DPS Common Stock Prim Issue FY H
total_assets_fy	Total Assets FY
free_cash_flow_per_share_current	Free Cash Flow per Share Current
current_ratio_current	Current Ratio Current
operating_margin_fy	Operating Margin FY
asset_class	Asset Class
ipo_deal_amount_usd	IPO Deal Amount Usd
price_earnings_forward_fy	Price Earnings Forward FY
dividend_payout_ratio_percent_fy	Dividend Payout Ratio Percent FY
eps_diluted_growth_percent_fy	EPS Diluted Growth Percent FY
total_revenue_ttm	Total Revenue TTM
earnings_publication_type_fq	Earnings Publication Type FQ
recommendation_under	Recommendation Under
capex_per_share_current	Capex per Share Current
eps_diluted_growth_percent_fq	EPS Diluted Growth Percent FQ
total_revenue_fq_h	Total Revenue FQ H
has_ipo_details_visible	Has IPO Details Visible
shrhldrs_equity_fy	Shrhldrs Equity FY
k1_form	K1 Form
cash_per_share_fh	Cash per Share Fh
return_on_assets_fy	Return on Assets FY
rates_fq	Rates FQ
revenue_per_share_current	Revenue per Share Current
total_cash_dividends_paid_fh	Total Cash Dividends Paid Fh
enterprise_value_ebitda_current	Enterprise Value EBITDA Current
rates_dividend_recent	Rates Dividend Recent
ebit_per_share_fy	EBIT per Share FY
return_on_capital_employed_fy	Return on Capital Employed FY
free_cash_flow_per_share_fq	Free Cash Flow per Share FQ
earnings_release_next_trading_date_fq	Earnings Release Next Trading Date FQ
actively_managed	Actively Managed
ucits_compliant_flag	Ucits Compliant Flag
total_debt_per_share_fy	Total Debt per Share FY
revenue_fq	Revenue FQ
recommendation_total	Recommendation Total
all_time_high_day	All Time High Day
operating_cash_flow_per_share_current	Operating Cash Flow per Share Current
ebitda_ttm	EBITDA TTM
postmarket_time	Postmarket Time
dps_common_stock_prim_issue_ttm	DPS Common Stock Prim Issue TTM
has_ipo_data	Has IPO Data
dividend_ex_date_upcoming	Dividend Ex Date Upcoming
working_capital_fq	Working Capital FQ
net_income_fh	Net Income Fh
country_code_fund	Country Code Fund
oper_income_fh	Oper Income Fh
earnings_release_next_time	Earnings Release Next Time
sell_gen_admin_exp_other_ttm	Sell Gen Admin Exp Other TTM
issuer	Issuer
cash_f_investing_activities_fh	Cash f Investing Activities Fh
update-time	Update-time
net_income_fq_h	Net Income FQ H
index_provider	Index Provider
average_volume	Average Volume
dividend_amount_upcoming	Dividend Amount Upcoming
long_term_debt_to_equity_fq	Long Term Debt to Equity FQ
rates_mc	Rates Mc
ipo_shares_outstanding	IPO Shares Outstanding
net_margin	Net Margin
number_of_employees_fy	Number of Employees FY
working_capital_per_share_fh	Working Capital per Share Fh
amount_upcoming	Amount Upcoming
return_of_invested_capital_percent_ttm	Return of Invested Capital Percent TTM
premarket_time	Premarket Time
dividends_yield_fy	Dividends Yield FY
pricescale	Pricescale
minmov	Minmov
indicated_annual_dividend	Indicated Annual Dividend
receivables_turnover_fq	Receivables Turnover FQ
gross_profit_ttm_h	Gross Profit TTM H
working_capital_per_share_current	Working Capital per Share Current
capital_expenditures_fh	Capital Expenditures Fh
fractional	Fractional
gross_margin_percent_ttm	Gross Margin Percent TTM
dividends_yield_fq	Dividends Yield FQ
gross_profit_ttm	Gross Profit TTM
leveraged_flag	Leveraged Flag
ipo_announcement_date	IPO Announcement Date
debt_to_revenue_fy	Debt to Revenue FY
book_value_per_share_fy	Book Value per Share FY
ebit_per_share_fh	EBIT per Share Fh
free_cash_flow_fy_h	Free Cash Flow FY H
cash_f_operating_activities_fq	Cash f Operating Activities FQ
dps_common_stock_prim_issue_fh	DPS Common Stock Prim Issue Fh
net_debt_fq	Net Debt FQ
total_assets_fq	Total Assets FQ
dividend_payment_date_upcoming	Dividend Payment Date Upcoming
fiscal_period_current	Fiscal Period Current
free_cash_flow_per_share_fy	Free Cash Flow per Share FY
rates_earnings_next_fq	Rates Earnings Next FQ
frequency_upcoming	Frequency Upcoming
free_cash_flow_ttm_h	Free Cash Flow TTM H
book_tangible_per_share_fy	Book Tangible per Share FY
revenue_per_employee_fy	Revenue per Employee FY
all_time_low_day	All Time Low Day
oper_income_per_employee_fy	Oper Income per Employee FY
ebitda_fy	EBITDA FY
price_target_low	Price Target Low
sloan_ratio_fy	Sloan Ratio FY
debt_to_equity_fq	Debt to Equity FQ
earnings_per_share_basic_fy	Earnings per Share Basic FY
earnings_per_share_diluted_fh	Earnings per Share Diluted Fh
earnings_per_share_diluted_ttm_h	Earnings per Share Diluted TTM H
earnings_per_share_fy	Earnings per Share FY
price_target_median	Price Target Median
free_cash_flow_fh	Free Cash Flow Fh
sustainable_growth_rate_fy	Sustainable Growth Rate FY
dividend_yield_upcoming	Dividend Yield Upcoming
net_income_fq	Net Income FQ
rates_fh	Rates Fh
top_revenue_country_code	Top Revenue Country Code
debt_to_equity_fy	Debt to Equity FY
earnings_per_share_fh	Earnings per Share Fh
payment_date_upcoming	Payment Date Upcoming
earnings_per_share_basic_fq	Earnings per Share Basic FQ
price_sales_current	Price Sales Current
nav	Nav
free_cash_flow_per_share_fh	Free Cash Flow per Share Fh
focus	Focus
rates_dividend_upcoming	Rates Dividend Upcoming
launch_date	Launch Date
last_report_frequency	Last Report Frequency
capex_per_share_fh	Capex per Share Fh
gross_profit_fy	Gross Profit FY
dividend_ex_date_recent	Dividend Ex Date Recent
ipo_blank_check_flag	IPO Blank Check Flag
recommendation_hold	Recommendation Hold
fiscal_period_fy_h	Fiscal Period FY H
net_income_ttm	Net Income TTM
ebitda_per_share_current	EBITDA per Share Current
price_free_cash_flow_current	Price Free Cash Flow Current
ebitda_ttm_h	EBITDA TTM H
total_debt_fq_h	Total Debt FQ H
total_current_liabilities_fy	Total Current Liabilities FY
yield_upcoming	Yield Upcoming
capex_per_share_fq	Capex per Share FQ
ebitda_fq	EBITDA FQ
rates_fy	Rates FY
gross_margin_fy	Gross Margin FY
ebit_per_share_fq	EBIT per Share FQ
holds_derivatives_flag	Holds Derivatives Flag
source-logoid	Source-logoid
issuance_of_stock_net_ttm	Issuance of Stock Net TTM
earnings_release_time	Earnings Release Time
price_annual_book	Price Annual Book
rates_cf	Rates Cf
net_debt_to_ebitda_fy	Net Debt to EBITDA FY
dividend_treatment	Dividend Treatment
cash_f_financing_activities_fq	Cash f Financing Activities FQ
total_current_assets_fq	Total Current Assets FQ
earnings_release_next_calendar_date	Earnings Release Next Calendar Date
rates_earnings_fq	Rates Earnings FQ
total_debt_per_share_fh	Total Debt per Share Fh
all_time_high	All Time High
expense_ratio	Expense Ratio
leverage_ratio	Leverage Ratio
currency_hedged_flag	Currency Hedged Flag
ebitda_per_share_fq	EBITDA per Share FQ
cash_per_share_current	Cash per Share Current
payment_date_recent	Payment Date Recent
weight_top_50	Weight Top 50
asset_turnover_current	Asset Turnover Current
fixed_assets_turnover_fq	Fixed Assets Turnover FQ
beta_3_year	Beta 3 Year
ipo_offered_shares	IPO Offered Shares
fiscal_period_end_fh	Fiscal Period End Fh
net_debt_fy	Net Debt FY
total_current_assets_fy	Total Current Assets FY
dividend_frequency_recent	Dividend Frequency Recent
total_revenue_ttm_h	Total Revenue TTM H
ipo_offer_date	IPO Offer Date
shares_outstanding	Shares Outstanding
long_term_debt_to_assets_fq	Long Term Debt to Assets FQ
total_assets_fq_h	Total Assets FQ H
earnings_per_share_forecast_next_fy	Earnings per Share Forecast Next FY
revenue_per_share_fh	Revenue per Share Fh
price_book_current	Price Book Current
book_tangible_per_share_current	Book Tangible per Share Current
total_revenue_fy	Total Revenue FY
price_annual_sales	Price Annual Sales
long_term_debt_to_assets_fy	Long Term Debt to Assets FY
net_income_fy_h	Net Income FY H
ebitda_per_share_fy	EBITDA per Share FY
dps_common_stock_prim_issue_fq	DPS Common Stock Prim Issue FQ
net_income_ttm_h	Net Income TTM H
ebit_ttm	EBIT TTM
free_cash_flow_fq_h	Free Cash Flow FQ H
cash_f_operating_activities_fh	Cash f Operating Activities Fh
revenue_forecast_next_fq	Revenue Forecast Next FQ
dividend_frequency_upcoming	Dividend Frequency Upcoming
yield_recent	Yield Recent
research_and_dev_fh	Research and Dev Fh
return_on_equity_adjust_to_book_fy	Return on Equity Adjust to Book FY
provider-id	Provider-id
total_assets_fy_h	Total Assets FY H
ebitda_fh	EBITDA Fh
altman_z_score_fy	Altman Z Score FY
free_cash_flow_fq	Free Cash Flow FQ
cash_f_financing_activities_fh	Cash f Financing Activities Fh
total_shares_outstanding_calculated	Total Shares Outstanding Calculated
earnings_release_calendar_date	Earnings Release Calendar Date
return_on_total_capital_fy	Return on Total Capital FY
earnings_per_share_basic_fy_h	Earnings per Share Basic FY H
shrhldrs_equity_fq	Shrhldrs Equity FQ
current_ratio_fy	Current Ratio FY
earnings_publication_type_next_fq	Earnings Publication Type Next FQ
working_capital_per_share_fy	Working Capital per Share FY
ipo_offer_time	IPO Offer Time
return_on_invested_capital_fy	Return on Invested Capital FY
niche	Niche
aum	Aum
total_revenue_fq	Total Revenue FQ
revenue_forecast_next_fy	Revenue Forecast Next FY
total_debt_fy_h	Total Debt FY H
earnings_per_share_diluted_fy_h	Earnings per Share Diluted FY H
return_on_equity_fy	Return on Equity FY
selection_criteria	Selection Criteria
total_cash_dividends_paid_fq	Total Cash Dividends Paid FQ
revenue_forecast_next_fh	Revenue Forecast Next Fh
fiscal_period_end_fh_h	Fiscal Period End Fh H
price_cash_flow_current	Price Cash Flow Current
diluted_shares_outstanding_fq	Diluted Shares Outstanding FQ
ncavps_ratio_current	Ncavps Ratio Current
gross_profit_fh	Gross Profit Fh
price_earnings_current	Price Earnings Current
ebitda_fq_h	EBITDA FQ H
earnings_per_share_diluted_fq_h	Earnings per Share Diluted FQ H
gross_profit_fy_h	Gross Profit FY H
total_debt_fq	Total Debt FQ
number_of_shareholders_fy	Number of Shareholders FY
all_time_low	All Time Low
operating_cash_flow_per_share_fq	Operating Cash Flow per Share FQ
return_on_equity_adjust_to_book_ttm	Return on Equity Adjust to Book TTM
ipo_offered_shares_secondary	IPO Offered Shares Secondary
dividend_payout_ratio_percent_fq	Dividend Payout Ratio Percent FQ
recommendation_buy	Recommendation Buy
etf_holdings_count	Etf Holdings Count
holdings_region	Holdings Region
sell_gen_admin_exp_other_fy	Sell Gen Admin Exp Other FY
fiscal_period_end_current	Fiscal Period End Current
total_revenue_fh	Total Revenue Fh
book_tangible_per_share_fh	Book Tangible per Share Fh
ipo_market_cap_usd	IPO Market Cap Usd
net_income_bef_disc_oper_fy	Net Income Bef Disc Oper FY
ebitda_per_share_fh	EBITDA per Share Fh
ipo_price_range_usd_max	IPO Price Range Usd Max
research_and_dev_ttm	Research and Dev TTM
price_target_high	Price Target High
revenue_per_share_fq	Revenue per Share FQ
rates_current	Rates Current
pre_tax_margin_ttm	Pre Tax Margin TTM
capex_per_share_fy	Capex per Share FY
ipo_price_range_usd_min	IPO Price Range Usd Min
quick_ratio_current	Quick Ratio Current
leverage	Leverage
index_priority	Index Priority
rates_time_series	Rates Time Series
cash_ratio	Cash Ratio
total_debt_fy	Total Debt FY
capital_expenditures_unchanged_fy_h	Capital Expenditures Unchanged FY H
total_debt_per_share_current	Total Debt per Share Current
beta_5_year	Beta 5 Year
dividends_frequency	Dividends Frequency
gross_profit_fq_h	Gross Profit FQ H
ebitda_fy_h	EBITDA FY H
capital_expenditures_unchanged_fq_h	Capital Expenditures Unchanged FQ H
oper_income_fq	Oper Income FQ
ex_dividend_date_recent	Ex Dividend Date Recent
amount_recent	Amount Recent
return_on_common_equity_fy	Return on Common Equity FY
book_value_per_share_current	Book Value per Share Current
cash_per_share_fy	Cash per Share FY
total_shares_outstanding_current	Total Shares Outstanding Current
earnings_release_trading_date_fy	Earnings Release Trading Date FY
dividend_payment_date_recent	Dividend Payment Date Recent
total_revenue_fy_h	Total Revenue FY H
total_assets_to_equity_fy	Total Assets to Equity FY
total_capital	Total Capital
preferred_dividends	Preferred Dividends
ncavps_ratio_fh	Ncavps Ratio Fh
dividend_payout_ratio_fy	Dividend Payout Ratio FY
piotroski_f_score_fy	Piotroski f Score FY
dividend_amount_recent	Dividend Amount Recent
weighting_scheme	Weighting Scheme
ebit_per_share_current	EBIT per Share Current
total_cash_dividends_paid_fy	Total Cash Dividends Paid FY
transparent_holding_flag	Transparent Holding Flag
research_and_dev_per_employee_fy	Research and Dev per Employee FY
rates_ttm	Rates TTM
weight_top_25	Weight Top 25
earnings_per_share_basic_fh	Earnings per Share Basic Fh
quick_ratio_fy	Quick Ratio FY
rates_pt	Rates Pt
relative_volume	Relative Volume
capital_expenditures_yoy_growth_fq	Capital Expenditures YOY Growth FQ
enterprise_value_to_free_cash_flow_ttm	Enterprise Value to Free Cash Flow TTM
currency_id	Currency Id
neg_capital_expenditures_ttm	Neg Capital Expenditures TTM
neg_total_cash_dividends_paid_fq	Neg Total Cash Dividends Paid FQ
capital_expenditures_yoy_growth_ttm	Capital Expenditures YOY Growth TTM
total_revenue_cagr_5y	Total Revenue Cagr 5y
revenue_surprise_percent_fq	Revenue Surprise Percent FQ
neg_capital_expenditures_fq	Neg Capital Expenditures FQ
neg_capital_expenditures_fy	Neg Capital Expenditures FY
is_primary	Is Primary
is_shariah_compliant	Is Shariah Compliant
total_debt_to_ebitda_fy	Total Debt to EBITDA FY
neg_total_cash_dividends_paid_ttm	Neg Total Cash Dividends Paid TTM
kind-delay	Kind-delay
eps_surprise_percent_fq	EPS Surprise Percent FQ
maturity_date	Maturity Date
total_debt_to_ebitda_fq	Total Debt to EBITDA FQ
neg_research_and_dev_fq	Neg Research and Dev FQ
expiration	Expiration
free_cash_flow_cagr_5y	Free Cash Flow Cagr 5y
neg_total_cash_dividends_paid_fh	Neg Total Cash Dividends Paid Fh
price_target_1y_delta	Price Target 1y Delta
base_currency_kind	Base Currency Kind
cryptoasset-info.description	Cryptoasset-info Description
earnings_per_share_basic_cagr_5y	Earnings per Share Basic Cagr 5y
active_symbol	Active Symbol
price_sales	Price Sales
low_after_high_all_change	Low After High All Change
low_after_high_all_change_abs	Low After High All Change Abs
update_time	Update Time
days_to_maturity	Days to Maturity
currency_kind	Currency Kind
revenue_surprise_fq	Revenue Surprise FQ
kind	Kind
total_revenue_5y_growth_fy	Total Revenue 5y Growth FY
net_income_cagr_5y	Net Income Cagr 5y
capital_expenditures_qoq_growth_fq	Capital Expenditures QOQ Growth FQ
neg_research_and_dev_ttm	Neg Research and Dev TTM
coupon	Coupon
neg_capital_expenditures_fh	Neg Capital Expenditures Fh
enterprise_value_current	Enterprise Value Current
neg_research_and_dev_fh	Neg Research and Dev Fh
neg_total_cash_dividends_paid_fy	Neg Total Cash Dividends Paid FY
typespecs	Typespecs
price_target_1y	Price Target 1y
cash_n_short_term_invest_to_total_current_liabilities_fq	Cash n Short Term Invest to Total Current Liabilities FQ
is_symbol_primary_listing	Is Symbol Primary Listing
earnings_per_share_diluted_5y_growth_fy	Earnings per Share Diluted 5y Growth FY
is_blacklisted	Is Blacklisted
cryptoasset-info.id	Cryptoasset-info Id
eps_surprise_fq	EPS Surprise FQ
neg_research_and_dev_fy	Neg Research and Dev FY
most_recent_quarter_date	Most Recent Quarter Date
market_cap_calc	Market Cap Calc
last_bar_update_time	Last Bar Update Time|240
post_change	Post Change|1
pre_change_abs	Pre Change Abs|15
indicators_bars_count	Indicators Bars Count|1
gap_down_abs	Gap Down Abs
volume_change	Volume Change|60
time	Time|15
gap_down	Gap Down|120
update_mode	Update Mode|120
gap_up	Gap Up
volume_change_abs	Volume Change Abs|60
pre_change	Pre Change|60
gap_up_abs	Gap Up Abs|1
bars_count	Bars Count|30
ADX-DI_9[1]	Adx-di 9[1]|1m
High.5D	High 5d
EMA12	Ema12|5
SMA34	Sma34|5
Ichimoku.CLine_20_60_120_30	Ichimoku Cline 20 60 120 30|15
ADX+DI_100	Adx+di 100|15
ADX+DI_50	Adx+di 50|240
ADX_9	ADX 9|1
SMA60	Sma60|1w
RSI30	Rsi30|60
EMA34	Ema34|30
EMA75	Ema75|30
SMA250	Sma250|120
SMA8	Sma8
Rec.WR	Rec Wr|1
High.All.Calc	High All Calc
EMA15	Ema15|60
ADX-DI_50[1]	Adx-di 50[1]|240
EMA21	Ema21|15
Stoch.D_14_1_3[1]	Stoch D 14 1 3[1]
EMA14	Ema14
EMA55	Ema55|240
Stoch.K_5_3_3[1]	Stoch K 5 3 3[1]
EMA8	Ema8|5
RSI9	Rsi9
MACD.hist	MACD Hist|1
SMA13	Sma13|5
nav_perf.3Y	Nav Perf 3y
ADX-DI_100[1]	Adx-di 100[1]|240
EMA120	Ema120|240
ADX-DI_20[1]	Adx-di 20[1]|240
RSI5	Rsi5|30
EMA2	Ema2|5
Perf.5Y.MarketCap	Perf 5y Marketcap
Rec.Ichimoku	Rec Ichimoku|5
BB.basis_50	BB Basis 50|1w
ADX+DI_20	Adx+di 20|30
Stoch.D_6_3_3[1]	Stoch D 6 3 3[1]|30
ADX_50	ADX 50|1m
Stoch.D_14_1_3	Stoch D 14 1 3|240
RSI5[1]	Rsi5[1]|120
EMA3	Ema3|1
SMA150	Sma150|1
Ichimoku.BLine_20_60_120_30	Ichimoku Bline 20 60 120 30|1m
EMA26	Ema26|1
EMA300	Ema300|15
Rec.Stoch.RSI	Rec Stoch RSI
SMA25	Sma25|240
RSI20[1]	Rsi20[1]|1
RSI30[1]	Rsi30[1]|30
SMA26	Sma26|30
Rec.VWMA	Rec Vwma|30
EMA89	Ema89|30
ADX+DI_100[1]	Adx+di 100[1]|1w
RSI9[1]	Rsi9[1]|1
AO[2]	Ao[2]|1
AO[1]	Ao[1]|60
Stoch.K_5_3_3	Stoch K 5 3 3|15
EMA250	Ema250|1m
ADX-DI_100	Adx-di 100
ADX-DI_9	Adx-di 9|1m
Mom_14	Mom 14|30
nav_total_return.YTD	Nav Total Return Ytd
SMA120	Sma120
ADX+DI_20[1]	Adx+di 20[1]
fund_flows.YTD	Fund Flows Ytd
ADX+DI[1]	Adx+di[1]|120
Stoch.D_8_3_3[1]	Stoch D 8 3 3[1]|1w
SMA75	Sma75|1m
Mom_14[1]	Mom 14[1]|5
Rec.BBPower	Rec Bbpower|60
RSI3[1]	Rsi3[1]|5
HullMA200	Hullma200|5
SMA15	Sma15|240
DonchCh20.Middle	Donchch20 Middle|5
ADX+DI_50[1]	Adx+di 50[1]|15
fund_flows.3M	Fund Flows 3m
ADX+DI_9[1]	Adx+di 9[1]|5
BB.upper_50	BB Upper 50|5
Stoch.K_14_1_3[1]	Stoch K 14 1 3[1]|5
price_52_week_high_date	Price 52 Week High Date
ADX-DI[1]	Adx-di[1]|240
ADX_100	ADX 100|1w
RSI10[1]	Rsi10[1]|240
ADX-DI_50	Adx-di 50|5
ADX+DI_9	Adx+di 9|120
Stoch.D_5_3_3	Stoch D 5 3 3|1
BB.basis	BB Basis|120
Rec.UO	Rec Uo|15
Ichimoku.Lead1_20_60_120_30	Ichimoku Lead1 20 60 120 30|30
RSI10	Rsi10|1
Stoch.D_6_3_3	Stoch D 6 3 3|30
RSI7[1]	Rsi7[1]|1w
RSI[1]	Rsi[1]|1m
SMA14	Sma14|240
Stoch.D[1]	Stoch D[1]|1w
KltChnl.basis	Kltchnl Basis|60
RSI3	Rsi3|1m
Mom[1]	Mom[1]|30
EMA7	Ema7|240
EMA144	Ema144|60
RSI21	Rsi21|5
EMA40	Ema40|15
EMA6	Ema6|5
SMA12	Sma12|1
aum_perf.3Y	Aum Perf 3y
Stoch.K_6_3_3[1]	Stoch K 6 3 3[1]|1m
Ichimoku.Lead2_20_60_120_30	Ichimoku Lead2 20 60 120 30|5
High.6M.Date	High 6m Date
Stoch.D_5_3_3[1]	Stoch D 5 3 3[1]|15
SMA89	Sma89|120
SMA7	Sma7|30
RSI21[1]	Rsi21[1]|120
CCI20[1]	Cci20[1]|240
SMA144	Sma144|30
RSI2	Rsi2|30
ADRP	Adrp|1
SMA2	Sma2|15
EMA9	Ema9|1w
EMA25	Ema25|15
RSI4	Rsi4|1m
Stoch.K_14_1_3	Stoch K 14 1 3|1
EMA13	Ema13|30
RSI2[1]	Rsi2[1]|1m
nav_perf.5Y	Nav Perf 5y
SMA9	Sma9|1m
price_52_week_low_date	Price 52 Week Low Date
Stoch.K[1]	Stoch K[1]
SMA21	Sma21|1
aum_perf.5Y	Aum Perf 5y
Low.3M.Date	Low 3m Date
RSI20	Rsi20|120
EMA150	Ema150|30
Stoch.D_8_3_3	Stoch D 8 3 3|120
EMA60	Ema60|1w
fund_flows.5Y	Fund Flows 5y
Low.1M.Date	Low 1m Date
Rec.HullMA9	Rec Hullma9|60
first_bar_time	First Bar Time
nav_total_return.3Y	Nav Total Return 3y
ADX-DI_20	Adx-di 20|1w
SMA6	Sma6|5
fund_flows.1M	Fund Flows 1m
BB.lower_50	BB Lower 50|240
SMA40	Sma40|1
Low.After.High.All	Low After High All
Stoch.K_8_3_3	Stoch K 8 3 3|30
nav_perf.YTD	Nav Perf Ytd
HullMA20	Hullma20
nav_discount_premium	Nav Discount Premium
Stoch.K_6_3_3	Stoch K 6 3 3|15
Low.All.Calc.Date	Low All Calc Date
High.All.Date	High All Date
nav_total_return.3M	Nav Total Return 3m
fund_flows.1Y	Fund Flows 1y
SMA55	Sma55|1w
ADX_20	ADX 20|15
Stoch.K_8_3_3[1]	Stoch K 8 3 3[1]|1w
relative_volume_intraday	Relative Volume Intraday|5
nav_total_return.5Y	Nav Total Return 5y
aum_perf.1Y	Aum Perf 1y
RSI4[1]	Rsi4[1]|30
nav_total_return.1M	Nav Total Return 1m
Open.All.Calc	Open All Calc
fund_flows.3Y	Fund Flows 3y
AvgValue.Traded_60d	Avgvalue Traded 60d
nav_perf.1M	Nav Perf 1m
aum_perf.1M	Aum Perf 1m
nav_total_return.6M	Nav Total Return 6m
SMA300	Sma300|1m
Perf.3Y	Perf 3y
AvgValue.Traded_30d	Avgvalue Traded 30d
SMA3	Sma3
time_business_day	Time Business Day
High.1M.Date	High 1m Date
High.All.Calc.Date	High All Calc Date
Low.6M.Date	Low 6m Date
nav_perf.3M	Nav Perf 3m
aum_perf.3M	Aum Perf 3m
Low.All.Calc	Low All Calc
AvgValue.Traded_10d	Avgvalue Traded 10d
Perf.1Y.MarketCap	Perf 1y Marketcap
nav_total_return.1Y	Nav Total Return 1y
High.3M.Date	High 3m Date
aum_perf.YTD	Aum Perf Ytd
nav_perf.1Y	Nav Perf 1y
AvgValue.Traded_90d	Avgvalue Traded 90d
Low.5D	Low 5d
Perf.10Y	Perf 10y
Low.All.Date	Low All Date
Perf.5D	Perf 5d